q,t,action,v
1,1.0,25.0,10.999999999855039
1,2.0,25.0,24.999999998709153
1,3.0,25.0,24.999999989069888
1,4.0,25.0,24.99999989953939
1,5.0,25.0,24.99999917924337
1,6.0,25.0,24.999992800380454
1,7.0,25.0,24.999937773383337
1,8.0,25.0,24.999449808871255
1,9.0,25.0,24.99759005199848
1,10.0,25.0,24.98893504131533
1,11.0,25.0,24.949681861370305
1,12.0,25.0,24.77344377024
1,13.0,25.0,23.9831408
1,14.0,25.0,20.436
1,15.0,5.0,5.0
2,1.0,25.0,21.999999987404546
2,2.0,25.0,49.99999990363256
2,3.0,25.0,49.99999924158672
2,4.0,25.0,49.999994425723536
2,5.0,25.0,49.99995851611389
2,6.0,25.0,49.9997007708527
2,7.0,25.0,49.997946155478814
2,8.0,25.0,49.98668534883354
2,9.0,25.0,49.949783374379294
2,10.0,25.0,49.81706644194729
2,11.0,25.0,49.353925260188774
2,12.0,25.0,47.91057294408
2,13.0,25.0,44.1906124
2,14.0,20.0,40.0
2,15.0,5.0,10.0
3,1.0,25.0,32.99999956915778
3,2.0,25.0,74.99999689305844
3,3.0,25.0,74.99997881960157
3,4.0,25.0,74.99986283953491
3,5.0,25.0,74.99912726868578
3,6.0,25.0,74.99493350429472
3,7.0,25.0,74.9724799578111
3,8.0,25.0,74.86690970783498
3,9.0,25.0,74.57881799145937
3,10.0,25.0,73.78120361373894
3,11.0,25.0,71.78566675592941
3,12.0,25.0,67.98756993248
3,13.0,25.0,63.839000000000006
3,14.0,20.0,60.0
3,15.0,5.0,15.0
4,1.0,25.0,43.999990393373096
4,2.0,25.0,99.99994032486572
4,3.0,25.0,99.99965036622389
4,4.0,25.0,99.998015245526
4,5.0,25.0,99.98965518044233
4,6.0,25.0,99.95112998684753
4,7.0,25.0,99.79719283988352
4,8.0,25.0,99.2483039584875
4,9.0,25.0,98.08934510740404
4,10.0,25.0,95.66191368436613
4,11.0,25.0,91.80228284655789
4,12.0,25.0,87.58023833612
4,13.0,25.0,83.0938532
4,14.0,20.0,76.53200000000001
4,15.0,5.0,20.0
5,1.0,25.0,54.9998575599685
5,2.0,25.0,124.99923353667434
5,3.0,25.0,124.99608162008042
5,4.0,25.0,124.9817799353195
5,5.0,25.0,124.92263181769488
5,6.0,25.0,124.70797154697837
5,7.0,25.0,124.02068028196223
5,8.0,25.0,122.2809428822104
5,9.0,25.0,119.52496139843736
5,10.0,25.0,115.58169792954588
5,11.0,25.0,111.16187195463549
5,12.0,25.0,106.31260076879998
5,13.0,20.0,100.1524692
5,14.0,20.0,87.637
5,15.0,5.0,25.0
6,1.0,25.0,65.99849686992158
6,2.0,25.0,149.99298530297827
6,3.0,25.0,149.970321910412
6,4.0,25.0,149.8838480985033
6,5.0,25.0,149.5978100489212
6,6.0,25.0,148.7623792889768
6,7.0,25.0,146.83723993550888
6,8.0,25.0,143.31930942951834
6,9.0,25.0,139.25550349232273
6,10.0,25.0,134.7109832893371
6,11.0,25.0,129.67310332628853
6,12.0,25.0,124.016216957
6,13.0,20.0,120.15355919999999
6,14.0,20.0,93.714
6,15.0,5.0,30.0
7,1.0,25.0,76.98853124768847
7,2.0,25.0,174.95491645434765
7,3.0,25.0,174.83554101746037
7,4.0,25.0,174.46560497259023
7,5.0,25.0,173.48121312045026
7,6.0,25.0,171.36743747869954
7,7.0,25.0,167.73774205759153
7,8.0,25.0,162.90938038833872
7,9.0,25.0,158.219077017058
7,10.0,25.0,153.15603481710914
7,11.0,25.0,147.85481789177442
7,12.0,25.0,143.82444643743997
7,13.0,20.0,139.2305968
7,14.0,15.0,105.0
7,15.0,5.0,35.0
8,1.0,25.0,87.93376043464627
8,2.0,25.0,199.77638464252172
8,3.0,25.0,199.31571346966916
8,4.0,25.0,198.174549822538
8,5.0,25.0,195.8623975960075
8,6.0,25.0,192.0946804339278
8,7.0,25.0,187.21315766185478
8,8.0,25.0,181.73719309681425
8,9.0,25.0,176.73947963951653
8,10.0,25.0,171.65210838188136
8,11.0,25.0,167.46391914729634
8,12.0,20.0,162.73979844932
8,13.0,20.0,155.8351651
8,14.0,15.0,120.0
8,15.0,5.0,40.0
9,1.0,25.0,98.70541785303462
9,2.0,25.0,224.1538689452662
9,3.0,25.0,222.85502281621285
9,4.0,25.0,220.31396785006572
9,5.0,25.0,216.4714468678907
9,6.0,25.0,211.50514172507482
9,7.0,25.0,205.96963088249026
9,8.0,25.0,200.30869883949453
9,9.0,25.0,195.42813954237488
9,10.0,25.0,191.11378784112816
9,11.0,20.0,186.31578023031932
9,12.0,20.0,181.40698802856002
9,13.0,20.0,168.21264480000002
9,14.0,15.0,132.90200000000002
9,15.0,5.0,45.0
10,1.0,25.0,108.96444010399546
10,2.0,25.0,247.49221244289103
10,3.0,25.0,244.8036319556426
10,4.0,25.0,240.8215744132425
10,5.0,25.0,235.77580747570653
10,6.0,25.0,230.21235268824753
10,7.0,25.0,224.60059644815277
10,8.0,25.0,219.14592780954018
10,9.0,25.0,214.71418351369977
10,10.0,25.0,209.91261669611978
10,11.0,25.0,205.01791876622804
10,12.0,20.0,200.12728973592
10,13.0,20.0,177.8995921
10,14.0,15.0,144.04
10,15.0,5.0,50.0
11,1.0,25.0,118.13025153173058
11,2.0,25.0,269.26041859324437
11,3.0,25.0,265.164747562831
11,4.0,25.0,260.05487686792685
11,5.0,25.0,254.47396649861133
11,6.0,25.0,248.9442186505887
11,7.0,25.0,243.47195221319433
11,8.0,20.0,238.3005193416662
11,9.0,20.0,233.51951992406845
11,10.0,25.0,228.63203877068838
11,11.0,20.0,223.77521608361698
11,12.0,20.0,218.80498765207
11,13.0,20.0,188.28179790000002
11,14.0,15.0,153.044
11,15.0,5.0,55.0
12,1.0,25.0,125.70124092176238
12,2.0,25.0,289.4315958688748
12,3.0,25.0,284.3460833250835
12,4.0,25.0,278.7712461689606
12,5.0,25.0,273.22756356838255
12,6.0,25.0,267.8084730837552
12,7.0,25.0,262.5267987235964
12,8.0,20.0,257.1057986205308
12,9.0,25.0,252.27602006755632
12,10.0,25.0,247.46270891112488
12,11.0,20.0,242.88689319222135
12,12.0,20.0,235.5464038153
12,13.0,20.0,201.0085426
12,14.0,15.0,159.966
12,15.0,5.0,60.0
13,1.0,25.0,131.78131204883454
13,2.0,25.0,308.63583989703653
13,3.0,25.0,303.04401209130367
13,4.0,25.0,297.5181586568633
13,5.0,25.0,292.08020731604904
13,6.0,25.0,286.80463328403386
13,7.0,25.0,281.38593614228205
13,8.0,20.0,275.8786145526349
13,9.0,20.0,271.1464380261183
13,10.0,25.0,266.5114718392745
13,11.0,20.0,261.71631736024824
13,12.0,20.0,249.01785101544
13,13.0,20.0,214.0324962
13,14.0,15.0,165.20800000000003
13,15.0,5.0,65.0
14,1.0,25.0,136.90220727969339
14,2.0,25.0,327.3439649627041
14,3.0,25.0,321.8434175067193
14,4.0,25.0,316.3897195093246
14,5.0,25.0,311.1225903468994
14,6.0,25.0,305.67666439693164
14,7.0,25.0,300.15331975080267
14,8.0,25.0,294.81934302521483
14,9.0,20.0,290.13332066815065
14,10.0,20.0,285.30975920754133
14,11.0,20.0,280.43100878938446
14,12.0,20.0,260.33259028855
14,13.0,20.0,225.31890299999998
14,14.0,15.0,169.855
14,15.0,5.0,70.0
15,1.0,25.0,141.6289018813693
15,2.0,25.0,346.10976198681203
15,3.0,25.0,340.71429871050213
15,4.0,25.0,335.3913109940272
15,5.0,25.0,329.9979726511523
15,6.0,25.0,324.48986634971806
15,7.0,25.0,319.12192519548773
15,8.0,20.0,313.75484015802255
15,9.0,25.0,308.9443214136393
15,10.0,20.0,304.15081561754573
15,11.0,20.0,298.64958212373796
15,12.0,20.0,271.17671109633
15,13.0,20.0,234.9396246
15,14.0,15.0,175.14299999999997
15,15.0,5.0,75.0
16,1.0,25.0,146.40108105337737
16,2.0,25.0,365.0474785528116
16,3.0,25.0,359.7014929603615
16,4.0,25.0,354.25413987600547
16,5.0,25.0,348.804527395975
16,6.0,25.0,343.4195478931806
16,7.0,25.0,337.99297840397753
16,8.0,20.0,332.59091010911436
16,9.0,20.0,327.7928024141686
16,10.0,20.0,323.02779353030405
16,11.0,20.0,315.3957844783274
16,12.0,20.0,282.90165841198996
16,13.0,15.0,246.4883086
16,14.0,15.0,180.057
16,15.0,5.0,80.0
17,1.0,25.0,151.33077653041943
17,2.0,25.0,383.97887548429196
17,3.0,25.0,378.53054952680407
17,4.0,25.0,373.090678639196
17,5.0,25.0,367.74469075099216
17,6.0,25.0,362.27890055752596
17,7.0,25.0,356.86881162480495
17,8.0,20.0,351.43491280042343
17,9.0,25.0,346.69213149169286
17,10.0,20.0,341.9455438098523
17,11.0,20.0,329.8158080399328
17,12.0,20.0,295.29651936532997
17,13.0,15.0,257.90409439999996
17,14.0,15.0,185.104
17,15.0,5.0,85.0
18,1.0,25.0,156.29524170098253
18,2.0,25.0,402.8366132802541
18,3.0,25.0,397.3567395041176
18,4.0,25.0,392.04006746789764
18,5.0,25.0,386.57460946294924
18,6.0,25.0,381.15463016990225
18,7.0,25.0,375.7279564665706
18,8.0,25.0,370.3614047776332
18,9.0,20.0,365.5822751369654
18,10.0,20.0,360.60270456325753
18,11.0,20.0,342.13138229991296
18,12.0,20.0,306.83491337872
18,13.0,15.0,269.12440319999996
18,14.0,15.0,189.94600000000003
18,15.0,5.0,90.0
19,1.0,25.0,161.09421132210593
19,2.0,25.0,421.6602242773573
19,3.0,25.0,416.32107896026713
19,4.0,25.0,410.8843439436642
19,5.0,25.0,405.4443650643254
19,6.0,25.0,400.03165512182545
19,7.0,25.0,394.6360811844609
19,8.0,20.0,389.21979941630957
19,9.0,20.0,384.43315517357877
19,10.0,20.0,378.6730748662038
19,11.0,20.0,353.51721940503273
19,12.0,20.0,317.83614473896
19,13.0,15.0,281.0284858
19,14.0,15.0,195.41000000000003
19,15.0,5.0,95.0
20,1.0,25.0,165.96788869138743
20,2.0,25.0,440.6294264901635
20,3.0,25.0,435.15661844240975
20,4.0,25.0,429.7690035969888
20,5.0,25.0,424.31029179151335
20,6.0,25.0,418.9850220094023
20,7.0,25.0,413.49401349522867
20,8.0,25.0,408.0742793394181
20,9.0,20.0,403.2982755611156
20,10.0,20.0,395.50320715822323
20,11.0,20.0,364.97167822987956
20,12.0,20.0,328.60942996534
20,13.0,15.0,291.974146
20,14.0,15.0,200.271
20,15.0,5.0,100.0
21,1.0,25.0,170.91245570532772
21,2.0,25.0,459.4165080773752
21,3.0,25.0,454.01971657645186
21,4.0,25.0,448.58676745394484
21,5.0,25.0,443.2809223117756
21,6.0,25.0,437.8032862971398
21,7.0,25.0,432.38138342364533
21,8.0,20.0,426.9640860786351
21,9.0,20.0,422.1458252653992
21,10.0,20.0,410.51125967230917
21,11.0,20.0,376.93091895245647
21,12.0,20.0,339.97083475859995
21,13.0,15.0,300.95286120000003
21,14.0,15.0,204.895
21,15.0,5.0,105.0
22,1.0,25.0,175.71822644432893
22,2.0,25.0,478.3179785311199
22,3.0,25.0,472.8802761098552
22,4.0,25.0,467.55868431324774
22,5.0,25.0,462.08145451325345
22,6.0,25.0,456.6860677896286
22,7.0,25.0,451.2335882510837
22,8.0,20.0,445.84601382108576
22,9.0,20.0,440.75514730900386
22,10.0,20.0,423.4912399949231
22,11.0,20.0,388.5729064424953
22,12.0,15.0,351.34984666789
22,13.0,15.0,308.43801600000006
22,14.0,15.0,210.06099999999998
22,15.0,5.0,110.0
23,1.0,25.0,180.5643388545601
23,2.0,25.0,497.15071440215274
23,3.0,25.0,491.83084238097933
23,4.0,25.0,486.33249156501506
23,5.0,25.0,480.9574729250411
23,6.0,25.0,475.5582724608857
23,7.0,25.0,470.144176256512
23,8.0,20.0,464.6841388028794
23,9.0,20.0,458.811494206411
23,10.0,20.0,435.52895752819586
23,11.0,20.0,399.86833093758855
23,12.0,15.0,362.82016739797996
23,13.0,15.0,314.6706438
23,14.0,15.0,215.158
23,15.0,5.0,115.0
24,1.0,25.0,185.47364581614931
24,2.0,25.0,516.132326971011
24,3.0,25.0,510.627330747158
24,4.0,25.0,505.28480015972343
24,5.0,25.0,499.8533643468405
24,6.0,25.0,494.4445854353422
24,7.0,25.0,488.99662949755077
24,8.0,20.0,483.55660488729484
24,9.0,20.0,475.7261266872363
24,10.0,20.0,447.172777596372
24,11.0,20.0,410.82730963381056
24,12.0,15.0,374.43203247796
24,13.0,15.0,319.9849279
24,14.0,15.0,220.15499999999997
24,15.0,5.0,120.0
25,1.0,25.0,190.3962804095221
25,2.0,25.0,534.9209635829195
25,3.0,25.0,529.5536663942908
25,4.0,25.0,524.1200972471373
25,5.0,25.0,518.6862735167039
25,6.0,25.0,513.2542840587026
25,7.0,25.0,507.8615432260782
25,8.0,20.0,502.3672757580282
25,9.0,20.0,491.05746295361985
25,10.0,20.0,458.8198201162319
25,11.0,20.0,422.0127405558618
25,12.0,15.0,385.74205085543997
25,13.0,15.0,325.04649589999997
25,14.0,15.0,225.08599999999998
25,15.0,5.0,125.0
26,1.0,25.0,195.18988460957036
26,2.0,25.0,553.8438316348794
26,3.0,25.0,548.4132272990367
26,4.0,25.0,542.9840733920979
26,5.0,25.0,537.5588727784326
26,6.0,25.0,532.1380898610767
26,7.0,20.0,526.6087051534638
26,8.0,20.0,520.928104855587
26,9.0,20.0,504.8885099249015
26,10.0,20.0,470.42790610483206
26,11.0,15.0,433.3149301597004
26,12.0,15.0,396.77847671634
26,13.0,15.0,330.19394239999997
26,14.0,10.0,230.0675
26,15.0,5.0,130.0
27,1.0,25.0,200.10793997315272
27,2.0,25.0,572.6805848867494
27,3.0,25.0,567.2565683722526
27,4.0,25.0,561.8551347244878
27,5.0,25.0,556.4234058739444
27,6.0,25.0,550.9071919784934
27,7.0,20.0,545.4550808116187
27,8.0,20.0,538.9692153857982
27,9.0,20.0,517.2834934736536
27,10.0,20.0,481.7135175035131
27,11.0,20.0,444.97796294707234
27,12.0,15.0,407.91017450454
27,13.0,15.0,335.1055165
27,14.0,10.0,235.1
27,15.0,5.0,135.0
28,1.0,25.0,204.96813318752157
28,2.0,25.0,591.5598658212175
28,3.0,25.0,586.1611829738695
28,4.0,25.0,580.6921529250359
28,5.0,25.0,575.2052685532947
28,6.0,20.0,569.7445631356599
28,7.0,20.0,564.3210844755902
28,8.0,20.0,556.0261726502296
28,9.0,20.0,529.0079853353733
28,10.0,20.0,493.0119163091598
28,11.0,20.0,456.3865512747335
28,12.0,15.0,419.35673728556003
28,13.0,15.0,340.01029000000005
28,14.0,15.0,240.375
28,15.0,5.0,140.0
29,1.0,25.0,209.8387500968392
29,2.0,25.0,610.4383401473779
29,3.0,25.0,604.9830391577011
29,4.0,25.0,599.471856720345
29,5.0,20.0,594.047318654473
29,6.0,25.0,588.6237288798949
29,7.0,20.0,583.1002495452126
29,8.0,20.0,571.6768753769659
29,9.0,20.0,540.8382854273045
29,10.0,20.0,504.16993604706363
29,11.0,15.0,467.7291487972243
29,12.0,15.0,430.22934197560005
29,13.0,15.0,345.2897471
29,14.0,10.0,245.0385
29,15.0,5.0,145.0
30,1.0,25.0,214.70286856324287
30,2.0,25.0,629.2579066672519
30,3.0,20.0,623.7587259349613
30,4.0,25.0,618.3567325688975
30,5.0,25.0,612.9521193113528
30,6.0,20.0,607.4337789394152
30,7.0,20.0,601.7500623918515
30,8.0,20.0,585.9083187282102
30,9.0,20.0,552.5271947480818
30,10.0,20.0,515.4186492659228
30,11.0,15.0,478.8998116202225
30,12.0,15.0,440.28918907144
30,13.0,15.0,350.4204202
30,14.0,10.0,250.25
30,15.0,5.0,150.0
31,1.0,25.0,219.5389261241997
31,2.0,25.0,648.0544507306499
31,3.0,25.0,642.6558212182249
31,4.0,25.0,637.2191550673851
31,5.0,25.0,631.7247255648143
31,6.0,20.0,626.2627312927575
31,7.0,20.0,620.0121419208034
31,8.0,20.0,598.8713803501505
31,9.0,20.0,563.7744952634082
31,10.0,20.0,526.9261551742314
31,11.0,15.0,490.1830405968748
31,12.0,15.0,449.44431572236
31,13.0,15.0,355.1864624
31,14.0,10.0,255.05450000000002
31,15.0,5.0,155.0
32,1.0,20.0,224.3173034246339
32,2.0,25.0,666.9220660485394
32,3.0,25.0,661.4742275393237
32,4.0,25.0,656.0423098927461
32,5.0,25.0,650.5378201063539
32,6.0,20.0,645.0616090822907
32,7.0,20.0,637.5718897193117
32,8.0,20.0,610.8025232661469
32,9.0,20.0,575.0382432957795
32,10.0,20.0,538.3587222686203
32,11.0,15.0,501.44007322199866
32,12.0,15.0,457.37870614235
32,13.0,15.0,360.08647940000003
32,14.0,10.0,259.9575
32,15.0,5.0,160.0
33,1.0,20.0,229.19020391664407
33,2.0,20.0,685.7553959155492
33,3.0,25.0,680.3302648130514
33,4.0,20.0,674.8506135475751
33,5.0,25.0,669.3633029168894
33,6.0,20.0,663.8819085035186
33,7.0,20.0,654.1299151604967
33,8.0,20.0,622.75926140112
33,9.0,20.0,586.1641837114512
33,10.0,15.0,549.6958480262122
33,11.0,15.0,512.8841284461762
33,12.0,15.0,463.7869312698
33,13.0,15.0,365.05745850000005
33,14.0,10.0,265.365
33,15.0,5.0,165.0
34,1.0,20.0,234.03263200145676
34,2.0,25.0,704.6064096379437
34,3.0,25.0,699.1275640837654
34,4.0,20.0,693.6917595117166
34,5.0,20.0,688.2203624633531
34,6.0,20.0,682.5571231495778
34,7.0,20.0,669.2828109594817
34,8.0,20.0,634.4239899779321
34,9.0,20.0,597.6166244610765
34,10.0,20.0,561.1023716314484
34,11.0,15.0,524.2980035113517
34,12.0,15.0,469.81499129480994
34,13.0,15.0,370.19315865
34,14.0,10.0,269.96299999999997
34,15.0,5.0,170.0
35,1.0,20.0,238.86408669234703
35,2.0,20.0,723.4105265592418
35,3.0,25.0,717.9793986160025
35,4.0,20.0,712.5080711808657
35,5.0,20.0,707.039180285654
35,6.0,20.0,700.9829447399571
35,7.0,20.0,683.0976137231611
35,8.0,20.0,645.7546913583324
35,9.0,20.0,608.9926904953452
35,10.0,20.0,572.3570800289892
35,11.0,15.0,535.5699126634453
35,12.0,15.0,475.09922954902
35,13.0,15.0,375.05277005
35,14.0,10.0,275.0955
35,15.0,5.0,175.0
36,1.0,25.0,243.7103374728319
36,2.0,25.0,742.263124571446
36,3.0,25.0,736.8363965186049
36,4.0,20.0,731.3572043103452
36,5.0,20.0,725.8677243745739
36,6.0,20.0,718.853764259123
36,7.0,20.0,695.8433264425784
36,8.0,20.0,657.0325551169774
36,9.0,20.0,620.2657624160544
36,10.0,15.0,583.5957797541131
36,11.0,15.0,546.8093868252109
36,12.0,15.0,480.29618222305
36,13.0,15.0,380.2352674
36,14.0,15.0,280.038
36,15.0,5.0,180.0
37,1.0,25.0,248.5417627990147
37,2.0,25.0,761.1029044823653
37,3.0,20.0,755.6361257135359
37,4.0,20.0,750.1572775357574
37,5.0,20.0,744.6849809185736
37,6.0,20.0,736.0333872167304
37,7.0,20.0,708.0145244484986
37,8.0,20.0,668.4030775266251
37,9.0,20.0,631.8555555836189
37,10.0,15.0,594.9528198128538
37,11.0,15.0,557.9517261177052
37,12.0,15.0,485.41524163075
37,13.0,15.0,385.31562775
37,14.0,10.0,284.954
37,15.0,5.0,185.0
38,1.0,25.0,253.38130429707167
38,2.0,25.0,779.9406484166635
38,3.0,25.0,774.4923333383385
38,4.0,20.0,768.9659907813917
38,5.0,20.0,763.3624552723356
38,6.0,20.0,752.0033349441558
38,7.0,20.0,719.8101006150059
38,8.0,20.0,679.5126031694032
38,9.0,20.0,643.204176180496
38,10.0,20.0,606.2198815565201
38,11.0,15.0,568.9283257792788
38,12.0,15.0,490.24737799287004
38,13.0,10.0,390.0502371
38,14.0,15.0,289.985
38,15.0,5.0,190.0
39,1.0,25.0,258.2472633756687
39,2.0,25.0,798.809923032094
39,3.0,20.0,793.2886032815709
39,4.0,20.0,787.8152605386152
39,5.0,20.0,781.9043619086804
39,6.0,20.0,766.7670648109626
39,7.0,20.0,731.5412477484429
39,8.0,20.0,690.9594753014404
39,9.0,20.0,654.3484721178436
39,10.0,15.0,617.6277182921663
39,11.0,15.0,579.4097415226233
39,12.0,15.0,495.28975952695
39,13.0,10.0,395.12041969999996
39,14.0,10.0,295.159
39,15.0,5.0,195.0
40,1.0,25.0,263.0784544540646
40,2.0,20.0,817.600512352728
40,3.0,20.0,812.1235703700659
40,4.0,20.0,806.6347610184044
40,5.0,20.0,800.0576288273547
40,6.0,20.0,780.3569025571213
40,7.0,20.0,742.8271306532843
40,8.0,20.0,702.4403252561796
40,9.0,20.0,665.7154998124763
40,10.0,15.0,628.9040998805497
40,11.0,15.0,589.3214599979971
40,12.0,15.0,500.28823963709
40,13.0,10.0,400.181312
40,14.0,10.0,300.127
40,15.0,5.0,200.0
41,1.0,25.0,267.9164852608417
41,2.0,20.0,836.4325493961337
41,3.0,20.0,830.9745047720937
41,4.0,20.0,825.450968076442
41,5.0,20.0,817.6136167789555
41,6.0,20.0,793.0108204937106
41,7.0,20.0,753.9977389908288
41,8.0,20.0,713.7923254576341
41,9.0,20.0,676.9667116528829
41,10.0,15.0,640.2243792660568
41,11.0,15.0,598.2285749927084
41,12.0,15.0,505.03960197944
41,13.0,10.0,405.17700625
41,14.0,15.0,304.92499999999995
41,15.0,5.0,205.0
42,1.0,20.0,272.72771502565917
42,2.0,25.0,855.2805765888952
42,3.0,20.0,849.7676337238062
42,4.0,20.0,844.1781180991957
42,5.0,20.0,834.2525298983211
42,6.0,20.0,805.1031630653443
42,7.0,20.0,765.3888016585931
42,8.0,20.0,725.3062543309948
42,9.0,15.0,688.3782415545097
42,10.0,15.0,651.5640322156635
42,11.0,15.0,606.1754832941193
42,12.0,15.0,510.36183385503
42,13.0,10.0,410.3418147
42,14.0,10.0,310.103
42,15.0,5.0,210.0
43,1.0,20.0,277.59663141556064
43,2.0,25.0,874.0644854836536
43,3.0,20.0,868.6050724604173
43,4.0,20.0,862.7715971287784
43,5.0,20.0,849.8330182812155
43,6.0,20.0,816.8980468997938
43,7.0,20.0,776.6556263708894
43,8.0,20.0,736.3211148249168
43,9.0,15.0,699.7787528220506
43,10.0,15.0,662.8320179160414
43,11.0,15.0,613.0688880301452
43,12.0,15.0,514.9576665074001
43,13.0,10.0,415.2436087
43,14.0,10.0,315.2075
43,15.0,5.0,215.0
44,1.0,20.0,282.37777138972103
44,2.0,20.0,892.928721379529
44,3.0,20.0,887.4143906974183
44,4.0,20.0,881.0957344391674
44,5.0,20.0,864.1562001965594
44,6.0,20.0,828.5114765088802
44,7.0,20.0,787.9898042505479
44,8.0,15.0,747.6958938012135
44,9.0,15.0,711.0546894605983
44,10.0,15.0,674.2110341151889
44,11.0,15.0,619.4412348369465
44,12.0,15.0,520.334338911195
44,13.0,15.0,420.26503260000004
44,14.0,10.0,319.992
44,15.0,5.0,220.0
45,1.0,25.0,287.2544721677956
45,2.0,20.0,911.7258767453666
45,3.0,20.0,906.2038168641972
45,4.0,20.0,898.9799894021369
45,5.0,20.0,877.6480560534541
45,6.0,20.0,839.903739200901
45,7.0,20.0,799.561057586782
45,8.0,20.0,759.06767326528
45,9.0,15.0,722.342640754097
45,10.0,15.0,685.485926821282
45,11.0,15.0,624.6780199729723
45,12.0,15.0,525.172226681425
45,13.0,15.0,424.9972532
45,14.0,15.0,325.015
45,15.0,5.0,225.0
46,1.0,20.0,292.0529730436799
46,2.0,20.0,930.5611252525899
46,3.0,20.0,924.9967423616345
46,4.0,20.0,916.1660408704169
46,5.0,20.0,890.1427609627958
46,6.0,20.0,851.303958600307
46,7.0,20.0,810.8952125143701
46,8.0,20.0,770.3785069714413
46,9.0,15.0,733.6433440963659
46,10.0,15.0,696.6148106144134
46,11.0,15.0,630.1234739635488
46,12.0,15.0,530.5335718261549
46,13.0,10.0,430.12085164999996
46,14.0,15.0,330.038
46,15.0,5.0,230.0
47,1.0,20.0,296.88440905507343
47,2.0,20.0,949.398086553612
47,3.0,20.0,943.6496345351597
47,4.0,20.0,932.3818188420514
47,5.0,20.0,902.147963316387
47,6.0,20.0,862.5093264878211
47,7.0,20.0,822.2028811732395
47,8.0,15.0,781.7328470705593
47,9.0,15.0,744.9804772078438
47,10.0,15.0,707.6842361139995
47,11.0,15.0,635.0384723865739
47,12.0,15.0,535.197917026735
47,13.0,10.0,435.28423239999995
47,14.0,10.0,335.03700000000003
47,15.0,5.0,235.0
48,1.0,25.0,301.69472338064145
48,2.0,20.0,968.1955894374697
48,3.0,20.0,962.1144544747842
48,4.0,20.0,947.5862755606837
48,5.0,20.0,914.1338465421849
48,6.0,20.0,873.6683890204157
48,7.0,20.0,833.4967280299468
48,8.0,20.0,793.1849888598275
48,9.0,20.0,756.3721771277447
48,10.0,15.0,718.5750032316544
48,11.0,15.0,640.3769075740237
48,12.0,15.0,540.39853387508
48,13.0,15.0,440.2566677
48,14.0,10.0,340.14599999999996
48,15.0,5.0,240.0
49,1.0,20.0,306.5147724008433
49,2.0,20.0,987.0055006938226
49,3.0,20.0,980.1869062665672
49,4.0,20.0,961.5999553366789
49,5.0,20.0,925.628672605502
49,6.0,20.0,885.3063910178739
49,7.0,20.0,844.8399532261323
49,8.0,20.0,804.4816162766203
49,9.0,15.0,767.6217290809997
49,10.0,15.0,728.7331912268933
49,11.0,15.0,645.2903750830689
49,12.0,15.0,545.271846888445
49,13.0,15.0,445.2566497
49,14.0,10.0,345.014
49,15.0,5.0,245.0
50,1.0,20.0,311.35306802750597
50,2.0,20.0,1005.7877246579055
50,3.0,20.0,997.7457990534842
50,4.0,20.0,974.9130891579996
50,5.0,20.0,936.9276011594409
50,6.0,20.0,896.6276071799526
50,7.0,20.0,856.0205248531993
50,8.0,15.0,815.738752608715
50,9.0,15.0,778.9065334842426
50,10.0,15.0,738.5334491539597
50,11.0,15.0,650.3231556848202
50,12.0,10.0,550.18265069168
50,13.0,10.0,450.2147253
50,14.0,10.0,349.95050000000003
50,15.0,5.0,250.0
51,1.0,20.0,316.1655691348233
51,2.0,20.0,1024.45925978556
51,3.0,20.0,1014.5417124367499
51,4.0,20.0,987.3568471163799
51,5.0,20.0,948.4595363380674
51,6.0,20.0,908.0528428293939
51,7.0,20.0,867.5122900499764
51,8.0,15.0,827.0602066889138
51,9.0,15.0,790.2226167767686
51,10.0,15.0,747.2389652779166
51,11.0,15.0,655.1309808418928
51,12.0,15.0,555.06950651968
51,13.0,10.0,455.3255212
51,14.0,10.0,355.13800000000003
51,15.0,5.0,255.0
52,1.0,20.0,320.97152332245196
52,2.0,20.0,1043.0540845012617
52,3.0,20.0,1030.3528892211898
52,4.0,20.0,999.351216747934
52,5.0,20.0,959.6046549363463
52,6.0,20.0,919.3775944786385
52,7.0,20.0,878.95197315444
52,8.0,15.0,838.4275653118649
52,9.0,15.0,801.6699133156677
52,10.0,15.0,755.1135844834243
52,11.0,15.0,660.1785338930077
52,12.0,10.0,560.388791391155
52,13.0,15.0,460.1704128
52,14.0,10.0,359.9615
52,15.0,5.0,260.0
53,1.0,20.0,325.80270873220536
53,2.0,20.0,1061.3315380799033
53,3.0,20.0,1045.2205902018081
53,4.0,20.0,1011.2405463731383
53,5.0,20.0,970.9794284108239
53,6.0,20.0,930.7253360007819
53,7.0,20.0,890.1957850784306
53,8.0,20.0,849.733060892231
53,9.0,15.0,812.8462364624025
53,10.0,15.0,762.4494415468985
53,11.0,15.0,665.0137873055833
53,12.0,10.0,565.22523828284
53,13.0,10.0,464.9427922
53,14.0,15.0,364.961
53,15.0,5.0,265.0
54,1.0,20.0,330.58045788556683
54,2.0,20.0,1079.1141164310668
54,3.0,20.0,1059.1361586084747
54,4.0,20.0,1022.6523547037789
54,5.0,20.0,982.3457773069223
54,6.0,20.0,941.7633348752787
54,7.0,20.0,901.5945137720809
54,8.0,15.0,861.0687298270142
54,9.0,15.0,824.1974139248305
54,10.0,15.0,768.5264086309419
54,11.0,15.0,670.3328169941276
54,12.0,10.0,570.36341874995
54,13.0,15.0,470.0213683
54,14.0,10.0,369.879
54,15.0,5.0,270.0
55,1.0,20.0,335.3067426008505
55,2.0,20.0,1096.407813263921
55,3.0,20.0,1072.0325171422794
55,4.0,20.0,1034.1581489148934
55,5.0,20.0,993.7967895091243
55,6.0,20.0,953.1494409891035
55,7.0,20.0,912.9857027357243
55,8.0,15.0,872.3145978828463
55,9.0,15.0,835.3598301229921
55,10.0,15.0,774.3680120510506
55,11.0,15.0,675.2998125707998
55,12.0,10.0,575.358506124685
55,13.0,10.0,475.0273177
55,14.0,15.0,374.94899999999996
55,15.0,5.0,275.0
56,1.0,20.0,339.9154407473761
56,2.0,20.0,1112.7484110134008
56,3.0,20.0,1084.5866856977582
56,4.0,20.0,1045.3309336069217
56,5.0,20.0,1005.2414659086627
56,6.0,20.0,964.6905077026854
56,7.0,20.0,924.0805239053358
56,8.0,15.0,883.7745724037052
56,9.0,15.0,846.6321858228986
56,10.0,15.0,779.9692116848239
56,11.0,15.0,680.2638599316347
56,12.0,10.0,580.20869420898
56,13.0,10.0,480.1621324
56,14.0,15.0,380.332
56,15.0,5.0,280.0
57,1.0,20.0,344.35893270374777
57,2.0,20.0,1128.2664912322812
57,3.0,20.0,1096.6849263599252
57,4.0,20.0,1056.7485507537408
57,5.0,20.0,1016.5894908193421
57,6.0,20.0,976.0396425401547
57,7.0,20.0,935.5788897443913
57,8.0,15.0,895.0118572406903
57,9.0,15.0,857.461506092693
57,10.0,15.0,784.9217101004447
57,11.0,15.0,685.3173630523293
57,12.0,15.0,585.402218090335
57,13.0,10.0,485.1621281
57,14.0,10.0,384.7745
57,15.0,5.0,285.0
58,1.0,20.0,348.39305093108703
58,2.0,20.0,1142.743736806159
58,3.0,20.0,1108.3549788408395
58,4.0,20.0,1068.1324691074087
58,5.0,20.0,1027.6730625520245
58,6.0,20.0,987.3120684396615
58,7.0,20.0,946.8323099293832
58,8.0,15.0,906.2532835537738
58,9.0,15.0,868.0207003613814
58,10.0,15.0,790.2000835475407
58,11.0,15.0,690.6532008667862
58,12.0,15.0,590.487432554255
58,13.0,10.0,490.08164220000003
58,14.0,10.0,390.02099999999996
58,15.0,5.0,290.0
59,1.0,20.0,351.94761296550735
59,2.0,20.0,1156.4790868107675
59,3.0,20.0,1119.894330954002
59,4.0,20.0,1079.3982223759488
59,5.0,20.0,1039.0598072826267
59,6.0,20.0,998.6662308783721
59,7.0,20.0,958.1701511388974
59,8.0,15.0,917.7478837456046
59,9.0,15.0,878.1258970133949
59,10.0,15.0,795.3862545247325
59,11.0,15.0,695.5160540525706
59,12.0,10.0,595.30485858887
59,13.0,10.0,495.30106875
59,14.0,15.0,395.12300000000005
59,15.0,5.0,295.0
60,1.0,20.0,354.835452884034
60,2.0,20.0,1169.3158941829738
60,3.0,20.0,1131.2163363977936
60,4.0,20.0,1090.8619702974338
60,5.0,20.0,1050.352188267739
60,6.0,20.0,1010.0740687018365
60,7.0,20.0,969.4486528436662
60,8.0,15.0,928.9520061075756
60,9.0,15.0,887.6360697196117
60,10.0,15.0,800.065752523086
60,11.0,10.0,700.2346927404674
60,12.0,15.0,600.4518354479701
60,13.0,10.0,500.04754275
60,14.0,10.0,400.418
60,15.0,5.0,300.0
61,1.0,20.0,356.94552517968555
61,2.0,20.0,1181.8394961463755
61,3.0,20.0,1142.5407312469156
61,4.0,20.0,1102.3613622238354
61,5.0,20.0,1061.7222852424245
61,6.0,20.0,1021.4146270298546
61,7.0,15.0,980.8666417307277
61,8.0,15.0,940.2300301763846
61,9.0,15.0,896.5200951968628
61,10.0,15.0,805.0778149951958
61,11.0,10.0,705.3577590508844
61,12.0,15.0,605.20827669914
61,13.0,15.0,504.98150710000004
61,14.0,15.0,405.114
61,15.0,5.0,305.0
62,1.0,20.0,358.1577065074439
62,2.0,20.0,1193.8168254110485
62,3.0,20.0,1153.8482082055666
62,4.0,20.0,1113.589285200705
62,5.0,20.0,1073.2189766651868
62,6.0,20.0,1032.7124297802752
62,7.0,15.0,992.1569636054564
62,8.0,15.0,951.6385643995344
62,9.0,15.0,904.1559742154185
62,10.0,15.0,810.2825820913024
62,11.0,10.0,710.395655825557
62,12.0,15.0,610.05733259147
62,13.0,10.0,510.18620165000004
62,14.0,10.0,410.14549999999997
62,15.0,5.0,310.0
63,1.0,20.0,358.373983216518
63,2.0,20.0,1205.4686372843598
63,3.0,20.0,1165.283319840542
63,4.0,20.0,1124.8011786897514
63,5.0,20.0,1084.3963773268233
63,6.0,20.0,1044.0665156312227
63,7.0,20.0,1003.5559366243294
63,8.0,15.0,962.8277392342939
63,9.0,15.0,911.7107971521065
63,10.0,15.0,815.3094657754524
63,11.0,10.0,715.1954418639042
63,12.0,10.0,615.078574570745
63,13.0,10.0,515.2266393
63,14.0,10.0,415.152
63,15.0,5.0,315.0
64,1.0,20.0,357.79394903428965
64,2.0,20.0,1217.0608451281478
64,3.0,20.0,1176.599470073702
64,4.0,15.0,1135.9990265693937
64,5.0,20.0,1095.5661991129937
64,6.0,15.0,1055.3085661484135
64,7.0,15.0,1014.819761085371
64,8.0,15.0,974.186216561242
64,9.0,15.0,918.1069845580898
64,10.0,15.0,819.9809067685645
64,11.0,15.0,720.3672584212931
64,12.0,10.0,620.15614838308
64,13.0,10.0,520.057103
64,14.0,10.0,420.1585
64,15.0,5.0,320.0
65,1.0,20.0,356.57309675960084
65,2.0,20.0,1228.233132888471
65,3.0,20.0,1187.9852253504796
65,4.0,20.0,1147.4761172059418
65,5.0,20.0,1106.9902016665583
65,6.0,15.0,1066.5134080198354
65,7.0,20.0,1026.1229855804334
65,8.0,15.0,985.3717341529025
65,9.0,15.0,924.1173851747536
65,10.0,15.0,825.4886692699174
65,11.0,15.0,725.3135242013288
65,12.0,10.0,625.48295415286
65,13.0,10.0,525.0779841
65,14.0,10.0,425.1565
65,15.0,5.0,325.0
66,1.0,20.0,354.99416409635035
66,2.0,20.0,1239.5791068178255
66,3.0,20.0,1199.439400202313
66,4.0,20.0,1159.0494710576659
66,5.0,20.0,1118.5179915138467
66,6.0,15.0,1077.959986399776
66,7.0,15.0,1037.3403960097755
66,8.0,15.0,996.3937433034357
66,9.0,15.0,929.3870481710916
66,10.0,15.0,830.5768195712604
66,11.0,10.0,730.3696212231957
66,12.0,10.0,630.209693938485
66,13.0,15.0,530.21952015
66,14.0,15.0,430.043
66,15.0,5.0,330.0
67,1.0,20.0,352.9092552233434
67,2.0,20.0,1251.091966973216
67,3.0,20.0,1210.6866872944356
67,4.0,20.0,1170.3179849438486
67,5.0,20.0,1129.9002587748414
67,6.0,20.0,1089.3612126634146
67,7.0,20.0,1048.7838352613373
67,8.0,15.0,1007.1190476896475
67,9.0,15.0,934.9167554201288
67,10.0,15.0,835.5480530513157
67,11.0,10.0,735.5080679680402
67,12.0,10.0,635.21098689876
67,13.0,15.0,534.9655516
67,14.0,10.0,435.0985
67,15.0,5.0,335.0
68,1.0,20.0,350.60894497446054
68,2.0,20.0,1262.4360834491245
68,3.0,20.0,1221.9272981751988
68,4.0,15.0,1181.4127054293128
68,5.0,20.0,1141.24972557095
68,6.0,20.0,1100.5777546277527
68,7.0,15.0,1060.1156394017019
68,8.0,15.0,1017.6018580135344
68,9.0,15.0,940.0235353363258
68,10.0,15.0,840.433918339279
68,11.0,15.0,740.4360909084694
68,12.0,10.0,639.974540516525
68,13.0,10.0,540.13753525
68,14.0,10.0,440.09749999999997
68,15.0,5.0,340.0
69,1.0,20.0,348.049721794227
69,2.0,20.0,1273.735237333828
69,3.0,20.0,1233.3358825777664
69,4.0,20.0,1192.8205288897136
69,5.0,15.0,1152.4150291130181
69,6.0,15.0,1111.9172699812834
69,7.0,15.0,1071.3869984898913
69,8.0,15.0,1027.6372054901924
69,9.0,15.0,945.5656672775385
69,10.0,15.0,845.345807160732
69,11.0,15.0,745.296948087603
69,12.0,15.0,645.1866956643701
69,13.0,15.0,545.22954675
69,14.0,10.0,444.98900000000003
69,15.0,5.0,345.0
70,1.0,20.0,345.3907509941032
70,2.0,20.0,1285.0722662102332
70,3.0,20.0,1244.5870263191787
70,4.0,20.0,1204.242268218823
70,5.0,20.0,1163.689008258718
70,6.0,15.0,1123.1977917131328
70,7.0,15.0,1082.6816298973463
70,8.0,15.0,1036.8416856098
70,9.0,15.0,950.158119369929
70,10.0,15.0,850.3332661246619
70,11.0,10.0,750.5134903957769
70,12.0,15.0,650.192459252445
70,13.0,10.0,550.18124385
70,14.0,15.0,450.295
70,15.0,5.0,350.0
71,1.0,20.0,342.83088099866507
71,2.0,20.0,1296.3866646227764
71,3.0,20.0,1256.1207868098402
71,4.0,20.0,1215.7657584181889
71,5.0,20.0,1175.0521551968668
71,6.0,20.0,1134.6217428283328
71,7.0,15.0,1094.0261477818208
71,8.0,15.0,1045.6375447498183
71,9.0,15.0,955.1769663909126
71,10.0,15.0,855.4363930496778
71,11.0,10.0,755.3298868050374
71,12.0,15.0,655.27715712155
71,13.0,15.0,555.3130248
71,14.0,15.0,455.027
71,15.0,5.0,355.0
72,1.0,20.0,340.26049769017266
72,2.0,20.0,1307.8437857313022
72,3.0,20.0,1267.2801963078673
72,4.0,20.0,1226.9881228608567
72,5.0,20.0,1186.4793861458572
72,6.0,20.0,1145.840318223929
72,7.0,15.0,1105.2673832167686
72,8.0,15.0,1053.5267427901506
72,9.0,15.0,960.3850846751903
72,10.0,10.0,860.273833102548
72,11.0,10.0,760.5350723664448
72,12.0,10.0,660.19601921913
72,13.0,10.0,560.23559885
72,14.0,10.0,460.05150000000003
72,15.0,5.0,360.0
73,1.0,20.0,337.4725906866298
73,2.0,20.0,1319.1359492485337
73,3.0,20.0,1278.7340042669905
73,4.0,20.0,1238.2402398587915
73,5.0,20.0,1197.7318344261205
73,6.0,15.0,1157.1478834228067
73,7.0,15.0,1116.6448351806514
73,8.0,15.0,1060.8106507555453
73,9.0,15.0,965.2531961013357
73,10.0,10.0,865.2792242982352
73,11.0,15.0,765.4652118730141
73,12.0,15.0,665.2264838045301
73,13.0,15.0,565.1322185
73,14.0,10.0,464.7835
73,15.0,5.0,365.0
74,1.0,20.0,334.788441781692
74,2.0,20.0,1330.3597394688395
74,3.0,20.0,1290.1019512985176
74,4.0,20.0,1249.5792151776009
74,5.0,20.0,1209.0478308796833
74,6.0,15.0,1168.4939465845528
74,7.0,15.0,1127.933152816212
74,8.0,15.0,1067.362079062131
74,9.0,15.0,970.2152529599753
74,10.0,15.0,870.5516523695594
74,11.0,15.0,770.2129805581883
74,12.0,10.0,670.30818341238
74,13.0,10.0,570.1176608000001
74,14.0,10.0,470.17100000000005
74,15.0,5.0,370.0
75,1.0,20.0,332.2087654178904
75,2.0,20.0,1341.8113612534569
75,3.0,20.0,1301.4105674236596
75,4.0,20.0,1260.9466823660687
75,5.0,20.0,1220.4439635703663
75,6.0,20.0,1179.8644691055213
75,7.0,15.0,1138.9870147900842
75,8.0,15.0,1073.54583885497
75,9.0,15.0,975.3779578258309
75,10.0,10.0,875.4065588002986
75,11.0,15.0,775.4442703733557
75,12.0,10.0,675.1966789471401
75,13.0,15.0,575.0923405
75,14.0,15.0,475.23
75,15.0,5.0,375.0
76,1.0,20.0,329.5978787062585
76,2.0,20.0,1353.082649761818
76,3.0,20.0,1312.8803822186972
76,4.0,20.0,1272.186553800357
76,5.0,15.0,1231.6803230816317
76,6.0,15.0,1191.240385996479
76,7.0,15.0,1150.0936417920382
76,8.0,15.0,1079.3061717647931
76,9.0,15.0,980.4688771947333
76,10.0,15.0,880.338903176382
76,11.0,10.0,780.2790694336848
76,12.0,10.0,680.395220190295
76,13.0,15.0,580.3013666
76,14.0,10.0,480.019
76,15.0,5.0,380.0
77,1.0,20.0,327.0218788007012
77,2.0,20.0,1364.5069901984562
77,3.0,20.0,1324.1282211678106
77,4.0,20.0,1283.6242819153035
77,5.0,20.0,1242.92577687912
77,6.0,20.0,1202.4342499323075
77,7.0,15.0,1160.9281612683506
77,8.0,15.0,1084.9479966096233
77,9.0,15.0,985.6565155634111
77,10.0,15.0,885.3903139063378
77,11.0,10.0,785.4023137908848
77,12.0,15.0,685.2622513542301
77,13.0,10.0,585.24514225
77,14.0,10.0,484.74800000000005
77,15.0,5.0,385.0
78,1.0,20.0,324.39891963635273
78,2.0,20.0,1375.9197988450794
78,3.0,20.0,1335.2570278834446
78,4.0,20.0,1294.9360279148063
78,5.0,20.0,1254.3793323563489
78,6.0,15.0,1213.7947456733682
78,7.0,15.0,1171.6641200991835
78,8.0,15.0,1089.839037852622
78,9.0,15.0,990.5962919029794
78,10.0,15.0,890.3353630153986
78,11.0,10.0,790.4829881584803
78,12.0,15.0,690.15657647983
78,13.0,15.0,590.3790843500001
78,14.0,15.0,490.08500000000004
78,15.0,5.0,390.0
79,1.0,20.0,321.62351114982937
79,2.0,20.0,1387.463144907208
79,3.0,20.0,1346.667586922466
79,4.0,20.0,1306.2886361265846
79,5.0,15.0,1265.6236717487836
79,6.0,15.0,1225.039542145322
79,7.0,15.0,1181.9242684735257
79,8.0,15.0,1095.28130022285
79,9.0,15.0,995.4975203653458
79,10.0,15.0,895.7176062625066
79,11.0,10.0,795.3572509975078
79,12.0,10.0,695.319991308485
79,13.0,10.0,595.4582326
79,14.0,10.0,495.102
79,15.0,5.0,395.0
80,1.0,20.0,318.8916421825122
80,2.0,20.0,1398.457763044409
80,3.0,20.0,1357.9767974781394
80,4.0,20.0,1317.6119820125605
80,5.0,15.0,1276.900598849387
80,6.0,15.0,1236.4187022584679
80,7.0,15.0,1191.7366226737245
80,8.0,15.0,1100.3742712738986
80,9.0,15.0,1000.2553421276638
80,10.0,15.0,900.4377535759888
80,11.0,10.0,800.3512372337759
80,12.0,10.0,700.081661882685
80,13.0,10.0,599.9405192500001
80,14.0,10.0,499.9995
80,15.0,5.0,400.0
81,1.0,20.0,316.2341302140078
81,2.0,20.0,1409.9899190538447
81,3.0,20.0,1369.4127823702408
81,4.0,15.0,1328.7727721212661
81,5.0,20.0,1288.427045292654
81,6.0,15.0,1247.7587948358353
81,7.0,15.0,1200.8569289522056
81,8.0,15.0,1105.4716129485148
81,9.0,15.0,1005.4426189384155
81,10.0,15.0,905.3456471512799
81,11.0,10.0,805.5950506054929
81,12.0,15.0,705.38382665322
81,13.0,10.0,605.17761
81,14.0,15.0,505.15
81,15.0,5.0,405.0
82,1.0,20.0,313.7790886896212
82,2.0,20.0,1421.2046025897107
82,3.0,20.0,1380.7040204909708
82,4.0,20.0,1340.3463296195
82,5.0,20.0,1299.7757632737337
82,6.0,15.0,1259.0229281441593
82,7.0,15.0,1209.750943108191
82,8.0,15.0,1110.3228081486548
82,9.0,10.0,1010.2055365906141
82,10.0,15.0,910.3422045910805
82,11.0,10.0,810.6793983322635
82,12.0,10.0,710.21806785253
82,13.0,10.0,610.0317448000001
82,14.0,15.0,509.915
82,15.0,5.0,410.0
83,1.0,20.0,311.13643550656843
83,2.0,15.0,1432.385500007455
83,3.0,20.0,1392.1200298539857
83,4.0,20.0,1351.5202924556456
83,5.0,20.0,1310.9846507834245
83,6.0,15.0,1270.243898016854
83,7.0,15.0,1217.548627515412
83,8.0,15.0,1115.340224826922
83,9.0,15.0,1015.6984244309945
83,10.0,10.0,915.5282982225287
83,11.0,15.0,815.4898831603093
83,12.0,15.0,715.22623288131
83,13.0,10.0,615.0790147499999
83,14.0,10.0,515.068
83,15.0,5.0,415.0
84,1.0,20.0,308.37271391350987
84,2.0,15.0,1443.7778413054111
84,3.0,20.0,1403.4100206286323
84,4.0,20.0,1362.925134493217
84,5.0,15.0,1322.2128235509392
84,6.0,15.0,1281.6922914364961
84,7.0,15.0,1224.8273500132816
84,8.0,15.0,1120.0349774721956
84,9.0,10.0,1020.4272898433126
84,10.0,15.0,920.4335952577986
84,11.0,15.0,820.3217638054609
84,12.0,15.0,720.0657480171551
84,13.0,15.0,620.0242837000001
84,14.0,10.0,520.0595
84,15.0,5.0,420.0
85,1.0,20.0,305.7523314682769
85,2.0,20.0,1455.2001635161496
85,3.0,20.0,1414.6966318921232
85,4.0,15.0,1374.0956489901105
85,5.0,15.0,1333.554299467303
85,6.0,15.0,1292.7300001202614
85,7.0,15.0,1231.5543702181483
85,8.0,15.0,1125.1410801275244
85,9.0,15.0,1025.2672526833946
85,10.0,10.0,925.4029897746038
85,11.0,10.0,825.3402687780937
85,12.0,15.0,725.1207310692399
85,13.0,10.0,625.3105665
85,14.0,15.0,525.068
85,15.0,5.0,425.0
86,1.0,20.0,302.9877131912417
86,2.0,20.0,1466.4709664321233
86,3.0,20.0,1426.0269610499474
86,4.0,20.0,1385.5007717913218
86,5.0,15.0,1344.7546373747045
86,6.0,15.0,1303.8357989452668
86,7.0,15.0,1237.9888855236043
86,8.0,15.0,1130.6231324805017
86,9.0,15.0,1030.5825243933432
86,10.0,15.0,930.3845322626166
86,11.0,10.0,830.391721958797
86,12.0,10.0,730.3518206152551
86,13.0,15.0,630.0030156
86,14.0,15.0,530.0120000000001
86,15.0,5.0,430.0
87,1.0,15.0,300.1628758182933
87,2.0,20.0,1477.890992045925
87,3.0,15.0,1437.2737976116825
87,4.0,20.0,1396.7945913022684
87,5.0,20.0,1356.1875983830198
87,6.0,15.0,1314.7929459592574
87,7.0,15.0,1243.9620775930805
87,8.0,15.0,1135.4176167184087
87,9.0,10.0,1035.4386680044609
87,10.0,15.0,935.4195540438202
87,11.0,10.0,835.265191254715
87,12.0,15.0,735.16765787709
87,13.0,10.0,635.1726358999999
87,14.0,10.0,535.2035
87,15.0,5.0,435.0
88,1.0,20.0,297.64562265120003
88,2.0,20.0,1489.183532947316
88,3.0,15.0,1448.6666848744323
88,4.0,20.0,1408.1432758446122
88,5.0,20.0,1367.4851305277307
88,6.0,15.0,1325.5916750088813
88,7.0,15.0,1249.6494875310932
88,8.0,15.0,1140.6535888969665
88,9.0,10.0,1040.5598221675164
88,10.0,15.0,940.6162029819313
88,11.0,15.0,840.4044210141772
88,12.0,15.0,740.390202992085
88,13.0,15.0,639.9994782
88,14.0,10.0,540.207
88,15.0,5.0,440.0
89,1.0,20.0,294.9713865597512
89,2.0,20.0,1500.4228251342506
89,3.0,20.0,1459.970492693128
89,4.0,20.0,1419.4277803435723
89,5.0,15.0,1378.7778323136008
89,6.0,15.0,1336.1697069096442
89,7.0,15.0,1254.7754677491948
89,8.0,15.0,1145.2553597222077
89,9.0,15.0,1045.4578202459597
89,10.0,10.0,945.3335958630089
89,11.0,10.0,845.3729070418691
89,12.0,15.0,745.2817395138401
89,13.0,15.0,645.2527195499999
89,14.0,15.0,544.9449999999999
89,15.0,5.0,445.0
90,1.0,15.0,292.3031260417167
90,2.0,20.0,1511.8363575557453
90,3.0,20.0,1471.4599172139456
90,4.0,20.0,1430.7648732870123
90,5.0,15.0,1390.1818938869756
90,6.0,15.0,1346.1969440980613
90,7.0,15.0,1260.190734680213
90,8.0,15.0,1150.2814449216135
90,9.0,10.0,1050.527982488154
90,10.0,15.0,950.5079850181838
90,11.0,15.0,850.182116798115
90,12.0,15.0,750.26950559189
90,13.0,15.0,650.1137226
90,14.0,10.0,550.1615
90,15.0,5.0,450.0
91,1.0,20.0,289.5960378898119
91,2.0,20.0,1523.1210837531382
91,3.0,20.0,1482.5850781050026
91,4.0,15.0,1442.0228546673632
91,5.0,15.0,1401.4379111948624
91,6.0,15.0,1355.999232702909
91,7.0,15.0,1265.0274305424668
91,8.0,15.0,1155.4338097022437
91,9.0,10.0,1055.539617441815
91,10.0,10.0,955.4688696261522
91,11.0,10.0,855.3869895647382
91,12.0,10.0,755.296644345165
91,13.0,15.0,655.25340935
91,14.0,10.0,555.0865
91,15.0,5.0,455.0
92,1.0,15.0,286.8556398945957
92,2.0,20.0,1534.5913170537688
92,3.0,15.0,1493.944947308725
92,4.0,15.0,1453.3325430621496
92,5.0,15.0,1412.7348398154818
92,6.0,15.0,1365.1960405383873
92,7.0,15.0,1270.3313421291323
92,8.0,15.0,1160.27773355084
92,9.0,15.0,1060.6354251799166
92,10.0,10.0,960.5102011231013
92,11.0,10.0,860.4515005450279
92,12.0,10.0,760.2741678203399
92,13.0,15.0,660.0394644
92,14.0,15.0,560.009
92,15.0,5.0,460.0
93,1.0,20.0,284.1873762323394
93,2.0,20.0,1545.7729853037447
93,3.0,20.0,1505.3587792016474
93,4.0,15.0,1464.7819788902418
93,5.0,15.0,1423.9881392662326
93,6.0,15.0,1373.5929933118707
93,7.0,15.0,1275.0477748602498
93,8.0,10.0,1165.4127504863393
93,9.0,10.0,1065.5580508889361
93,10.0,15.0,965.5822087819572
93,11.0,10.0,865.320569780908
93,12.0,10.0,765.33102187758
93,13.0,10.0,665.17294755
93,14.0,10.0,565.1165000000001
93,15.0,5.0,465.0
94,1.0,20.0,281.6280597239652
94,2.0,15.0,1557.1764057768835
94,3.0,15.0,1516.568630224418
94,4.0,15.0,1475.9928902146148
94,5.0,15.0,1435.3535443797696
94,6.0,15.0,1381.5524027411923
94,7.0,15.0,1279.8137508176687
94,8.0,10.0,1170.602714344301
94,9.0,15.0,1070.19273264856
94,10.0,15.0,970.6006579724999
94,11.0,15.0,870.3818299855689
94,12.0,15.0,770.16835722246
94,13.0,15.0,670.111818
94,14.0,15.0,569.987
94,15.0,5.0,470.0
95,1.0,20.0,278.99489476357667
95,2.0,15.0,1568.448397173341
95,3.0,20.0,1527.8043067627639
95,4.0,15.0,1487.234530478577
95,5.0,15.0,1446.5208054390375
95,6.0,15.0,1389.0571851126595
95,7.0,15.0,1285.3249449138477
95,8.0,15.0,1175.3210196533817
95,9.0,15.0,1075.5144741600789
95,10.0,10.0,975.4914537309871
95,11.0,15.0,875.4352514656173
95,12.0,10.0,775.5293133331501
95,13.0,15.0,674.97969
95,14.0,15.0,575.057
95,15.0,5.0,475.0
96,1.0,20.0,276.2347980888678
96,2.0,20.0,1579.8080068274573
96,3.0,15.0,1539.208233337663
96,4.0,20.0,1498.5318738755354
96,5.0,15.0,1457.5615555006557
96,6.0,15.0,1396.201942213337
96,7.0,15.0,1290.0945502643694
96,8.0,15.0,1180.5013580838408
96,9.0,10.0,1080.542138806788
96,10.0,15.0,980.2578471967411
96,11.0,10.0,880.2629518752334
96,12.0,10.0,780.327626901995
96,13.0,15.0,680.2275767
96,14.0,10.0,580.085
96,15.0,5.0,480.0
97,1.0,20.0,273.6485712883825
97,2.0,15.0,1591.0951924899641
97,3.0,15.0,1550.5392996159248
97,4.0,15.0,1509.89038420187
97,5.0,15.0,1468.6595003696234
97,6.0,15.0,1402.6385435345255
97,7.0,15.0,1295.4265707201776
97,8.0,10.0,1185.4098075087018
97,9.0,10.0,1085.5816387646742
97,10.0,10.0,985.4760775989444
97,11.0,15.0,885.2108935028057
97,12.0,10.0,785.35545450913
97,13.0,15.0,684.9572212
97,14.0,15.0,584.975
97,15.0,5.0,485.0
98,1.0,20.0,270.9375628467053
98,2.0,20.0,1602.3309590759727
98,3.0,15.0,1561.8731254177214
98,4.0,20.0,1521.1478597116725
98,5.0,15.0,1479.6128534382226
98,6.0,15.0,1408.374799110958
98,7.0,15.0,1300.0773429710755
98,8.0,10.0,1190.3886358802342
98,9.0,15.0,1090.3942717130121
98,10.0,15.0,990.5787014230309
98,11.0,10.0,890.4561910834882
98,12.0,10.0,790.264213645215
98,13.0,10.0,690.21233715
98,14.0,15.0,590.1370000000001
98,15.0,5.0,490.0
99,1.0,20.0,268.2907870154486
99,2.0,15.0,1613.6569246009801
99,3.0,15.0,1573.0302769491368
99,4.0,15.0,1532.4888237432742
99,5.0,15.0,1490.261650208569
99,6.0,15.0,1414.4580844093966
99,7.0,15.0,1305.4720612439648
99,8.0,15.0,1195.5756219564303
99,9.0,10.0,1095.4444466037298
99,10.0,10.0,995.4732060011058
99,11.0,10.0,895.2488211009764
99,12.0,15.0,795.15103338333
99,13.0,15.0,695.18517445
99,14.0,15.0,594.93
99,15.0,5.0,495.0
100,1.0,20.0,265.63816180064714
100,2.0,15.0,1624.8925349998603
100,3.0,20.0,1584.439320901708
100,4.0,15.0,1543.8286570582513
100,5.0,15.0,1500.6253376614338
100,6.0,15.0,1419.7991138586694
100,7.0,15.0,1310.5811571711529
100,8.0,15.0,1200.6719875853437
100,9.0,15.0,1100.6959519872792
100,10.0,10.0,1000.5457160081153
100,11.0,15.0,900.3024564334391
100,12.0,15.0,800.218377002795
100,13.0,10.0,700.1899033
100,14.0,15.0,600.01
100,15.0,5.0,500.0
